select_if,indicators,main_chart,nature_all,tabs_childrens
0.012572600000567036,0.03267249999953492,0.030136700000184646,0.03280530000029103,0.12587559999974474
0.009551699999974517,0.027511600000252656,0.02781689999937953,0.028768700000000536,0.14148329999989073
0.007565199999589822,0.027800500000012107,0.030103300000519084,0.03433580000000802,0.10865419999936421
0.007568800000626652,0.03317109999989043,0.030767199999900186,0.02544560000023921,0.10590729999967152
0.00662090000059834,0.029387699999460892,0.022028100000170525,0.030250900000282854,0.09617219999927329
0.008283099999971455,0.026742099999864877,0.02806479999981093,0.029532800000197312,0.0994301999999152
